ORG,category,GRADE,SEX,Total Sum of Count
CEB,General Service,G3,M,1
CEB,General Service,G5,F,1
CEB,General Service,G6,F,3
CEB,General Service,G6,M,1
CEB,International Professionals,D-1,F,1
CEB,International Professionals,D-1,M,1
CEB,International Professionals,D-2,F,1
CEB,International Professionals,P-3,F,1
CEB,International Professionals,P-3,M,2
CEB,International Professionals,P-4,F,2
CEB,International Professionals,P-4,M,1
CEB,International Professionals,P-5,F,1
CEB,International Professionals,P-5,M,1
CTBTO,General Service,G4,F,15
CTBTO,General Service,G4,M,5
CTBTO,General Service,G5,F,30
CTBTO,General Service,G5,M,14
CTBTO,General Service,G6,F,9
CTBTO,General Service,G6,M,21
CTBTO,General Service,G7,F,1
CTBTO,International Professionals,ASG,M,1
CTBTO,International Professionals,D-1,F,3
CTBTO,International Professionals,D-1,M,3
CTBTO,International Professionals,P-2,F,18
CTBTO,International Professionals,P-2,M,16
CTBTO,International Professionals,P-3,F,18
CTBTO,International Professionals,P-3,M,44
CTBTO,International Professionals,P-4,F,19
CTBTO,International Professionals,P-4,M,41
CTBTO,International Professionals,P-5,F,12
CTBTO,International Professionals,P-5,M,20
FAO,General Service,G2,F,20
FAO,General Service,G2,M,95
FAO,General Service,G3,F,142
FAO,General Service,G3,M,116
FAO,General Service,G4,F,280
FAO,General Service,G4,M,89
FAO,General Service,G5,F,268
FAO,General Service,G5,M,65
FAO,General Service,G6,F,106
FAO,General Service,G6,M,39
FAO,General Service,G7,F,9
FAO,General Service,G7,M,3
FAO,International Professionals,ASG,F,1
FAO,International Professionals,ASG,M,9
FAO,International Professionals,D-1,F,27
FAO,International Professionals,D-1,M,66
FAO,International Professionals,D-2,F,6
FAO,International Professionals,D-2,M,28
FAO,International Professionals,DSG,M,1
FAO,International Professionals,P-1,F,31
FAO,International Professionals,P-1,M,16
FAO,International Professionals,P-2,F,116
FAO,International Professionals,P-2,M,63
FAO,International Professionals,P-3,F,224
FAO,International Professionals,P-3,M,186
FAO,International Professionals,P-4,F,237
FAO,International Professionals,P-4,M,366
FAO,International Professionals,P-5,F,111
FAO,International Professionals,P-5,M,248
FAO,International Professionals,USG,F,2
FAO,International Professionals,USG,M,1
FAO,National Professionals,NOA,F,43
FAO,National Professionals,NOA,M,40
FAO,National Professionals,NOB,F,42
FAO,National Professionals,NOB,M,66
FAO,National Professionals,NOC,F,15
FAO,National Professionals,NOC,M,36
FAO,National Professionals,NOD,F,1
FAO,National Professionals,NOD,M,10
IAEA,General Service,G1,F,3
IAEA,General Service,G1,M,2
IAEA,General Service,G2,F,10
IAEA,General Service,G2,M,30
IAEA,General Service,G3,F,21
IAEA,General Service,G3,M,27
IAEA,General Service,G4,F,192
IAEA,General Service,G4,M,72
IAEA,General Service,G5,F,258
IAEA,General Service,G5,M,117
IAEA,General Service,G6,F,147
IAEA,General Service,G6,M,132
IAEA,General Service,G7,F,8
IAEA,General Service,G7,M,10
IAEA,International Professionals,ASG,F,3
IAEA,International Professionals,ASG,M,3
IAEA,International Professionals,D-1,F,18
IAEA,International Professionals,D-1,M,27
IAEA,International Professionals,D-2,F,1
IAEA,International Professionals,D-2,M,5
IAEA,International Professionals,P-1,F,15
IAEA,International Professionals,P-1,M,6
IAEA,International Professionals,P-2,F,95
IAEA,International Professionals,P-2,M,82
IAEA,International Professionals,P-3,F,171
IAEA,International Professionals,P-3,M,294
IAEA,International Professionals,P-4,F,189
IAEA,International Professionals,P-4,M,337
IAEA,International Professionals,P-5,F,79
IAEA,International Professionals,P-5,M,232
IAEA,International Professionals,USG,M,1
ICAO,General Service,G1,M,1
ICAO,General Service,G2,M,5
ICAO,General Service,G3,F,3
ICAO,General Service,G3,M,8
ICAO,General Service,G4,F,51
ICAO,General Service,G4,M,9
ICAO,General Service,G5,F,70
ICAO,General Service,G5,M,21
ICAO,General Service,G6,F,74
ICAO,General Service,G6,M,25
ICAO,General Service,G7,F,58
ICAO,General Service,G7,M,17
ICAO,International Professionals,D-1,F,3
ICAO,International Professionals,D-1,M,13
ICAO,International Professionals,D-2,M,5
ICAO,International Professionals,P-1,F,1
ICAO,International Professionals,P-1,M,1
ICAO,International Professionals,P-2,F,20
ICAO,International Professionals,P-2,M,13
ICAO,International Professionals,P-3,F,32
ICAO,International Professionals,P-3,M,47
ICAO,International Professionals,P-4,F,52
ICAO,International Professionals,P-4,M,119
ICAO,International Professionals,P-5,F,16
ICAO,International Professionals,P-5,M,68
ICAO,International Professionals,USG,M,1
ICAO,National Professionals,NOB,F,2
ICAO,National Professionals,NOB,M,1
ICJ,General Service,G3,F,1
ICJ,General Service,G3,M,2
ICJ,General Service,G4,F,4
ICJ,General Service,G4,M,2
ICJ,General Service,G5,F,26
ICJ,General Service,G5,M,8
ICJ,General Service,G6,F,4
ICJ,General Service,G6,M,3
ICJ,General Service,G7,F,4
ICJ,General Service,G7,M,2
ICJ,International Professionals,ASG,M,1
ICJ,International Professionals,D-1,M,1
ICJ,International Professionals,D-2,M,1
ICJ,International Professionals,P-2,F,6
ICJ,International Professionals,P-2,M,13
ICJ,International Professionals,P-3,F,16
ICJ,International Professionals,P-3,M,2
ICJ,International Professionals,P-4,F,9
ICJ,International Professionals,P-4,M,5
ICJ,International Professionals,P-5,F,3
ICJ,International Professionals,P-5,M,2
ICSC,General Service,G5,F,5
ICSC,General Service,G5,M,1
ICSC,General Service,G6,F,6
ICSC,General Service,G6,M,5
ICSC,General Service,G7,F,2
ICSC,General Service,G7,M,1
ICSC,International Professionals,D-1,F,1
ICSC,International Professionals,D-1,M,2
ICSC,International Professionals,D-2,F,1
ICSC,International Professionals,ICSC Chair/Vice-Chair,M,2
ICSC,International Professionals,P-2,F,3
ICSC,International Professionals,P-2,M,1
ICSC,International Professionals,P-3,F,1
ICSC,International Professionals,P-3,M,1
ICSC,International Professionals,P-4,F,3
ICSC,International Professionals,P-4,M,6
ICSC,International Professionals,P-5,F,2
ICSC,International Professionals,P-5,M,2
IFAD,General Service,G2,F,1
IFAD,General Service,G2,M,6
IFAD,General Service,G3,F,14
IFAD,General Service,G3,M,9
IFAD,General Service,G4,F,37
IFAD,General Service,G4,M,8
IFAD,General Service,G5,F,69
IFAD,General Service,G5,M,15
IFAD,General Service,G6,F,51
IFAD,General Service,G6,M,8
IFAD,International Professionals,ASG,F,3
IFAD,International Professionals,ASG,M,4
IFAD,International Professionals,D-1,F,11
IFAD,International Professionals,D-1,M,11
IFAD,International Professionals,D-2,M,3
IFAD,International Professionals,P-1,F,1
IFAD,International Professionals,P-1,M,2
IFAD,International Professionals,P-2,F,42
IFAD,International Professionals,P-2,M,23
IFAD,International Professionals,P-3,F,61
IFAD,International Professionals,P-3,M,76
IFAD,International Professionals,P-4,F,67
IFAD,International Professionals,P-4,M,57
IFAD,International Professionals,P-5,F,31
IFAD,International Professionals,P-5,M,58
IFAD,International Professionals,SG,M,1
IFAD,International Professionals,USG,M,1
IFAD,National Professionals,NOA,F,7
IFAD,National Professionals,NOA,M,4
IFAD,National Professionals,NOB,F,13
IFAD,National Professionals,NOB,M,11
IFAD,National Professionals,NOC,F,12
IFAD,National Professionals,NOC,M,29
ILO,General Service,G1,M,1
ILO,General Service,G2,F,3
ILO,General Service,G2,M,123
ILO,General Service,G3,F,11
ILO,General Service,G3,M,60
ILO,General Service,G4,F,113
ILO,General Service,G4,M,56
ILO,General Service,G5,F,340
ILO,General Service,G5,M,119
ILO,General Service,G6,F,263
ILO,General Service,G6,M,154
ILO,General Service,G7,F,90
ILO,General Service,G7,M,34
ILO,International Professionals,ASG,F,3
ILO,International Professionals,ASG,M,3
ILO,International Professionals,D-1,F,25
ILO,International Professionals,D-1,M,46
ILO,International Professionals,D-2,F,11
ILO,International Professionals,D-2,M,14
ILO,International Professionals,P-1,F,12
ILO,International Professionals,P-1,M,2
ILO,International Professionals,P-2,F,84
ILO,International Professionals,P-2,M,48
ILO,International Professionals,P-3,F,178
ILO,International Professionals,P-3,M,130
ILO,International Professionals,P-4,F,234
ILO,International Professionals,P-4,M,229
ILO,International Professionals,P-5,F,122
ILO,International Professionals,P-5,M,199
ILO,International Professionals,SG,M,1
ILO,International Professionals,USG,F,1
ILO,International Professionals,USG,M,2
ILO,National Professionals,NOA,F,260
ILO,National Professionals,NOA,M,230
ILO,National Professionals,NOB,F,175
ILO,National Professionals,NOB,M,206
ILO,National Professionals,NOC,F,14
ILO,National Professionals,NOC,M,10
IMO,General Service,G2,M,1
IMO,General Service,G3,M,3
IMO,General Service,G4,F,8
IMO,General Service,G4,M,5
IMO,General Service,G5,F,25
IMO,General Service,G5,M,5
IMO,General Service,G6,F,23
IMO,General Service,G6,M,12
IMO,General Service,G7,F,11
IMO,General Service,G7,M,7
IMO,International Professionals,D-1,F,3
IMO,International Professionals,D-1,M,7
IMO,International Professionals,D-2,F,1
IMO,International Professionals,D-2,M,5
IMO,International Professionals,P-1,F,1
IMO,International Professionals,P-2,F,17
IMO,International Professionals,P-2,M,8
IMO,International Professionals,P-3,F,20
IMO,International Professionals,P-3,M,18
IMO,International Professionals,P-4,F,14
IMO,International Professionals,P-4,M,24
IMO,International Professionals,P-5,F,12
IMO,International Professionals,P-5,M,20
IMO,International Professionals,SG,M,1
IMO,National Professionals,NOD,F,1
IMO,National Professionals,NOD,M,3
IOM,General Service,G1,F,14
IOM,General Service,G1,M,40
IOM,General Service,G1A,F,1
IOM,General Service,G1A,M,4
IOM,General Service,G1B,M,7
IOM,General Service,G2,F,11
IOM,General Service,G2,M,217
IOM,General Service,G3,F,183
IOM,General Service,G3,M,162
IOM,General Service,G4,F,648
IOM,General Service,G4,M,504
IOM,General Service,G5,F,795
IOM,General Service,G5,M,606
IOM,General Service,G6,F,443
IOM,General Service,G6,M,345
IOM,General Service,G7,F,202
IOM,General Service,G7,M,132
IOM,General Service,G8,F,1
IOM,International Professionals,D-1,F,15
IOM,International Professionals,D-1,M,31
IOM,International Professionals,D-2,F,8
IOM,International Professionals,D-2,M,12
IOM,International Professionals,E-1,M,1
IOM,International Professionals,E-2,F,2
IOM,International Professionals,IOM_UG,F,51
IOM,International Professionals,IOM_UG,M,22
IOM,International Professionals,P-1,F,6
IOM,International Professionals,P-1,M,8
IOM,International Professionals,P-2,F,191
IOM,International Professionals,P-2,M,165
IOM,International Professionals,P-3,F,248
IOM,International Professionals,P-3,M,246
IOM,International Professionals,P-4,F,164
IOM,International Professionals,P-4,M,191
IOM,International Professionals,P-5,F,51
IOM,International Professionals,P-5,M,73
IOM,National Professionals,NOA,F,274
IOM,National Professionals,NOA,M,216
IOM,National Professionals,NOB,F,132
IOM,National Professionals,NOB,M,100
IOM,National Professionals,NOC,F,31
IOM,National Professionals,NOC,M,27
IOM,National Professionals,NOD,F,4
IOM,National Professionals,NOD,M,5
ISA,General Service,G4,M,2
ISA,General Service,G5,F,4
ISA,General Service,G5,M,1
ISA,General Service,G6,F,5
ISA,General Service,G7,F,2
ISA,General Service,G7,M,3
ISA,International Professionals,D-1,F,1
ISA,International Professionals,D-1,M,1
ISA,International Professionals,D-2,M,1
ISA,International Professionals,P-2,F,4
ISA,International Professionals,P-2,M,2
ISA,International Professionals,P-3,F,2
ISA,International Professionals,P-3,M,3
ISA,International Professionals,P-4,F,3
ISA,International Professionals,P-4,M,4
ISA,International Professionals,P-5,F,1
ISA,International Professionals,P-5,M,1
ISA,International Professionals,USG,M,1
ISA,National Professionals,NOA,F,1
ISA,National Professionals,NOA,M,1
ITC,General Service,G3,M,2
ITC,General Service,G4,F,11
ITC,General Service,G4,M,3
ITC,General Service,G5,F,49
ITC,General Service,G5,M,8
ITC,General Service,G6,F,30
ITC,General Service,G6,M,9
ITC,International Professionals,ASG,F,1
ITC,International Professionals,D-1,M,3
ITC,International Professionals,D-2,F,1
ITC,International Professionals,P-1,F,5
ITC,International Professionals,P-1,M,6
ITC,International Professionals,P-2,F,43
ITC,International Professionals,P-2,M,32
ITC,International Professionals,P-3,F,37
ITC,International Professionals,P-3,M,42
ITC,International Professionals,P-4,F,18
ITC,International Professionals,P-4,M,32
ITC,International Professionals,P-5,F,8
ITC,International Professionals,P-5,M,19
ITCILO,General Service,G3,F,21
ITCILO,General Service,G3,M,4
ITCILO,General Service,G4,F,22
ITCILO,General Service,G4,M,5
ITCILO,General Service,G5,F,32
ITCILO,General Service,G6,F,10
ITCILO,General Service,G6,M,5
ITCILO,General Service,G7,F,1
ITCILO,General Service,G7,M,1
ITCILO,International Professionals,D-1,M,1
ITCILO,International Professionals,D-2,M,1
ITCILO,International Professionals,P-1,F,5
ITCILO,International Professionals,P-2,F,4
ITCILO,International Professionals,P-2,M,6
ITCILO,International Professionals,P-3,F,8
ITCILO,International Professionals,P-3,M,5
ITCILO,International Professionals,P-4,F,9
ITCILO,International Professionals,P-4,M,15
ITCILO,International Professionals,P-5,F,4
ITCILO,International Professionals,P-5,M,13
ITU,General Service,G2,M,1
ITU,General Service,G3,F,5
ITU,General Service,G3,M,11
ITU,General Service,G4,F,15
ITU,General Service,G4,M,17
ITU,General Service,G5,F,88
ITU,General Service,G5,M,35
ITU,General Service,G6,F,84
ITU,General Service,G6,M,29
ITU,General Service,G7,F,11
ITU,General Service,Other,F,1
ITU,International Professionals,D-1,F,4
ITU,International Professionals,D-1,M,14
ITU,International Professionals,D-2,F,1
ITU,International Professionals,D-2,M,2
ITU,International Professionals,E-1,M,1
ITU,International Professionals,E-2,F,1
ITU,International Professionals,E-2,M,3
ITU,International Professionals,P-1,F,4
ITU,International Professionals,P-1,M,4
ITU,International Professionals,P-2,F,47
ITU,International Professionals,P-2,M,36
ITU,International Professionals,P-3,F,68
ITU,International Professionals,P-3,M,79
ITU,International Professionals,P-4,F,58
ITU,International Professionals,P-4,M,89
ITU,International Professionals,P-5,F,24
ITU,International Professionals,P-5,M,50
JIU,General Service,G6,F,6
JIU,General Service,G6,M,2
JIU,General Service,G7,F,1
JIU,International Professionals,D-2,F,4
JIU,International Professionals,D-2,M,8
JIU,International Professionals,P-2,F,1
JIU,International Professionals,P-3,F,3
JIU,International Professionals,P-3,M,1
JIU,International Professionals,P-4,F,1
JIU,International Professionals,P-4,M,1
JIU,International Professionals,P-5,F,1
JIU,International Professionals,P-5,M,1
PAHO,General Service,G2,M,1
PAHO,General Service,G3,M,1
PAHO,General Service,G4,F,25
PAHO,General Service,G4,M,7
PAHO,General Service,G5,F,60
PAHO,General Service,G5,M,21
PAHO,General Service,G6,F,101
PAHO,General Service,G6,M,36
PAHO,General Service,G7,F,8
PAHO,General Service,G7,M,7
PAHO,International Professionals,D-1,F,5
PAHO,International Professionals,D-1,M,13
PAHO,International Professionals,D-2,F,1
PAHO,International Professionals,D-2,M,1
PAHO,International Professionals,P-1,F,6
PAHO,International Professionals,P-1,M,1
PAHO,International Professionals,P-2,F,37
PAHO,International Professionals,P-2,M,19
PAHO,International Professionals,P-3,F,57
PAHO,International Professionals,P-3,M,39
PAHO,International Professionals,P-4,F,108
PAHO,International Professionals,P-4,M,121
PAHO,International Professionals,P-5,F,24
PAHO,International Professionals,P-5,M,22
PAHO,International Professionals,P-6,F,6
PAHO,International Professionals,P-6,M,9
PAHO,National Professionals,NOA,F,10
PAHO,National Professionals,NOA,M,7
PAHO,National Professionals,NOB,F,11
PAHO,National Professionals,NOB,M,13
PAHO,National Professionals,NOC,F,5
PAHO,National Professionals,NOC,M,3
PAHO,National Professionals,NOD,F,1
UN,Field Service,FS3,F,2
UN,Field Service,FS3,M,7
UN,Field Service,FS4,F,318
UN,Field Service,FS4,M,866
UN,Field Service,FS5,F,477
UN,Field Service,FS5,M,1 013
UN,Field Service,FS6,F,96
UN,Field Service,FS6,M,328
UN,Field Service,FS7,F,4
UN,Field Service,FS7,M,28
UN,General Service,G1,F,12
UN,General Service,G1,M,12
UN,General Service,G2,F,60
UN,General Service,G2,M,737
UN,General Service,G3,F,203
UN,General Service,G3,M,1 714
UN,General Service,G4,F,1 001
UN,General Service,G4,M,2 924
UN,General Service,G5,F,2 164
UN,General Service,G5,M,2 506
UN,General Service,G6,F,2 036
UN,General Service,G6,M,1 556
UN,General Service,G7,F,574
UN,General Service,G7,M,383
UN,General Service,Other,F,392
UN,General Service,Other,M,529
UN,International Professionals,ASG,F,34
UN,International Professionals,ASG,M,38
UN,International Professionals,D-1,F,257
UN,International Professionals,D-1,M,343
UN,International Professionals,D-2,F,77
UN,International Professionals,D-2,M,117
UN,International Professionals,DSG,F,1
UN,International Professionals,P-1,F,15
UN,International Professionals,P-1,M,12
UN,International Professionals,P-2,F,738
UN,International Professionals,P-2,M,552
UN,International Professionals,P-3,F,2 228
UN,International Professionals,P-3,M,2 401
UN,International Professionals,P-4,F,1 909
UN,International Professionals,P-4,M,2 384
UN,International Professionals,P-5,F,796
UN,International Professionals,P-5,M,1 120
UN,International Professionals,USG,F,34
UN,International Professionals,USG,M,38
UN,NA,IA3,M,1
UN,NA,LT1,F,24
UN,NA,LT1,M,9
UN,NA,R3,M,11
UN,NA,TR5,M,1
UN,National Professionals,NOA,F,231
UN,National Professionals,NOA,M,392
UN,National Professionals,NOB,F,434
UN,National Professionals,NOB,M,911
UN,National Professionals,NOC,F,231
UN,National Professionals,NOC,M,339
UN,National Professionals,NOD,F,25
UN,National Professionals,NOD,M,55
UN WOMEN,General Service,G2,F,2
UN WOMEN,General Service,G2,M,8
UN WOMEN,General Service,G3,F,3
UN WOMEN,General Service,G3,M,43
UN WOMEN,General Service,G4,F,1
UN WOMEN,General Service,G4,M,2
UN WOMEN,General Service,G5,F,39
UN WOMEN,General Service,G5,M,9
UN WOMEN,General Service,G6,F,134
UN WOMEN,General Service,G6,M,37
UN WOMEN,General Service,G7,F,57
UN WOMEN,General Service,G7,M,26
UN WOMEN,International Professionals,ASG,F,2
UN WOMEN,International Professionals,D-1,F,19
UN WOMEN,International Professionals,D-1,M,6
UN WOMEN,International Professionals,D-2,F,5
UN WOMEN,International Professionals,D-2,M,2
UN WOMEN,International Professionals,P-1,F,1
UN WOMEN,International Professionals,P-2,F,60
UN WOMEN,International Professionals,P-2,M,9
UN WOMEN,International Professionals,P-3,F,95
UN WOMEN,International Professionals,P-3,M,30
UN WOMEN,International Professionals,P-4,F,141
UN WOMEN,International Professionals,P-4,M,35
UN WOMEN,International Professionals,P-5,F,84
UN WOMEN,International Professionals,P-5,M,17
UN WOMEN,International Professionals,USG,F,1
UN WOMEN,National Professionals,NOA,F,16
UN WOMEN,National Professionals,NOA,M,2
UN WOMEN,National Professionals,NOB,F,51
UN WOMEN,National Professionals,NOB,M,15
UN WOMEN,National Professionals,NOC,F,128
UN WOMEN,National Professionals,NOC,M,32
UN WOMEN,National Professionals,NOD,F,10
UN WOMEN,National Professionals,NOE,F,1
UNAIDS,General Service,G2,F,1
UNAIDS,General Service,G2,M,15
UNAIDS,General Service,G3,F,2
UNAIDS,General Service,G3,M,40
UNAIDS,General Service,G4,F,12
UNAIDS,General Service,G4,M,30
UNAIDS,General Service,G5,F,53
UNAIDS,General Service,G5,M,16
UNAIDS,General Service,G6,F,52
UNAIDS,General Service,G6,M,12
UNAIDS,General Service,G7,F,11
UNAIDS,General Service,G7,M,2
UNAIDS,International Professionals,ASG,F,1
UNAIDS,International Professionals,D-1,F,16
UNAIDS,International Professionals,D-1,M,22
UNAIDS,International Professionals,D-2,F,3
UNAIDS,International Professionals,D-2,M,7
UNAIDS,International Professionals,P-1,F,1
UNAIDS,International Professionals,P-2,F,18
UNAIDS,International Professionals,P-2,M,9
UNAIDS,International Professionals,P-3,F,29
UNAIDS,International Professionals,P-3,M,24
UNAIDS,International Professionals,P-4,F,61
UNAIDS,International Professionals,P-4,M,33
UNAIDS,International Professionals,P-5,F,56
UNAIDS,International Professionals,P-5,M,69
UNAIDS,International Professionals,USG,F,1
UNAIDS,National Professionals,NOA,F,1
UNAIDS,National Professionals,NOB,F,8
UNAIDS,National Professionals,NOB,M,2
UNAIDS,National Professionals,NOC,F,46
UNAIDS,National Professionals,NOC,M,35
UNAIDS,National Professionals,NOD,F,10
UNAIDS,National Professionals,NOD,M,12
UNDP,General Service,G1,F,4
UNDP,General Service,G1,M,7
UNDP,General Service,G10,M,1
UNDP,General Service,G2,F,12
UNDP,General Service,G2,M,234
UNDP,General Service,G3,F,37
UNDP,General Service,G3,M,268
UNDP,General Service,G4,F,94
UNDP,General Service,G4,M,114
UNDP,General Service,G5,F,364
UNDP,General Service,G5,M,261
UNDP,General Service,G6,F,776
UNDP,General Service,G6,M,453
UNDP,General Service,G7,F,439
UNDP,General Service,G7,M,257
UNDP,International Professionals,ASG,F,8
UNDP,International Professionals,ASG,M,2
UNDP,International Professionals,D-1,F,100
UNDP,International Professionals,D-1,M,105
UNDP,International Professionals,D-2,F,31
UNDP,International Professionals,D-2,M,40
UNDP,International Professionals,P-1,F,10
UNDP,International Professionals,P-1,M,7
UNDP,International Professionals,P-2,F,182
UNDP,International Professionals,P-2,M,108
UNDP,International Professionals,P-3,F,287
UNDP,International Professionals,P-3,M,267
UNDP,International Professionals,P-4,F,371
UNDP,International Professionals,P-4,M,459
UNDP,International Professionals,P-5,F,223
UNDP,International Professionals,P-5,M,314
UNDP,International Professionals,P-6,F,10
UNDP,International Professionals,P-6,M,17
UNDP,International Professionals,P-7,M,3
UNDP,International Professionals,UG,M,1
UNDP,International Professionals,USG,F,1
UNDP,National Professionals,NOA,F,166
UNDP,National Professionals,NOA,M,119
UNDP,National Professionals,NOB,F,444
UNDP,National Professionals,NOB,M,452
UNDP,National Professionals,NOC,F,191
UNDP,National Professionals,NOC,M,236
UNDP,National Professionals,NOD,F,26
UNDP,National Professionals,NOD,M,21
UNDP,National Professionals,NOE,M,1
UNESCO,General Service,G1,M,3
UNESCO,General Service,G2,M,55
UNESCO,General Service,G3,F,23
UNESCO,General Service,G3,M,92
UNESCO,General Service,G4,F,159
UNESCO,General Service,G4,M,83
UNESCO,General Service,G5,F,222
UNESCO,General Service,G5,M,97
UNESCO,General Service,G6,F,135
UNESCO,General Service,G6,M,45
UNESCO,General Service,G7,F,44
UNESCO,General Service,G7,M,16
UNESCO,International Professionals,ASG,F,3
UNESCO,International Professionals,ASG,M,7
UNESCO,International Professionals,D-1,F,22
UNESCO,International Professionals,D-1,M,25
UNESCO,International Professionals,D-2,F,6
UNESCO,International Professionals,D-2,M,11
UNESCO,International Professionals,P-1,F,21
UNESCO,International Professionals,P-1,M,10
UNESCO,International Professionals,P-2,F,156
UNESCO,International Professionals,P-2,M,99
UNESCO,International Professionals,P-3,F,186
UNESCO,International Professionals,P-3,M,161
UNESCO,International Professionals,P-4,F,140
UNESCO,International Professionals,P-4,M,137
UNESCO,International Professionals,P-5,F,55
UNESCO,International Professionals,P-5,M,83
UNESCO,International Professionals,USG,F,1
UNESCO,National Professionals,NOA,F,25
UNESCO,National Professionals,NOA,M,15
UNESCO,National Professionals,NOB,F,38
UNESCO,National Professionals,NOB,M,40
UNESCO,National Professionals,NOC,F,35
UNESCO,National Professionals,NOC,M,41
UNESCO,National Professionals,NOD,F,7
UNESCO,National Professionals,NOD,M,5
UNFCCC,General Service,G2,M,2
UNFCCC,General Service,G3,M,2
UNFCCC,General Service,G4,F,32
UNFCCC,General Service,G4,M,6
UNFCCC,General Service,G5,F,54
UNFCCC,General Service,G5,M,14
UNFCCC,General Service,G6,F,18
UNFCCC,General Service,G6,M,12
UNFCCC,International Professionals,ASG,M,1
UNFCCC,International Professionals,D-1,F,4
UNFCCC,International Professionals,D-1,M,3
UNFCCC,International Professionals,D-2,F,1
UNFCCC,International Professionals,D-2,M,1
UNFCCC,International Professionals,P-2,F,28
UNFCCC,International Professionals,P-2,M,35
UNFCCC,International Professionals,P-3,F,36
UNFCCC,International Professionals,P-3,M,51
UNFCCC,International Professionals,P-4,F,19
UNFCCC,International Professionals,P-4,M,30
UNFCCC,International Professionals,P-5,F,8
UNFCCC,International Professionals,P-5,M,8
UNFCCC,International Professionals,USG,F,1
UNFPA,General Service,G2,F,3
UNFPA,General Service,G2,M,238
UNFPA,General Service,G3,F,5
UNFPA,General Service,G3,M,102
UNFPA,General Service,G4,F,14
UNFPA,General Service,G4,M,19
UNFPA,General Service,G5,F,188
UNFPA,General Service,G5,M,99
UNFPA,General Service,G6,F,256
UNFPA,General Service,G6,M,142
UNFPA,General Service,G7,F,184
UNFPA,General Service,G7,M,121
UNFPA,General Service,Other,M,4
UNFPA,International Professionals,ASG,F,1
UNFPA,International Professionals,ASG,M,1
UNFPA,International Professionals,D-1,F,38
UNFPA,International Professionals,D-1,M,34
UNFPA,International Professionals,D-2,F,6
UNFPA,International Professionals,D-2,M,8
UNFPA,International Professionals,P-1,F,2
UNFPA,International Professionals,P-1,M,3
UNFPA,International Professionals,P-2,F,73
UNFPA,International Professionals,P-2,M,26
UNFPA,International Professionals,P-3,F,118
UNFPA,International Professionals,P-3,M,71
UNFPA,International Professionals,P-4,F,116
UNFPA,International Professionals,P-4,M,134
UNFPA,International Professionals,P-5,F,99
UNFPA,International Professionals,P-5,M,105
UNFPA,International Professionals,P-6,F,1
UNFPA,International Professionals,P-6,M,1
UNFPA,International Professionals,USG,F,1
UNFPA,National Professionals,NOA,F,99
UNFPA,National Professionals,NOA,M,62
UNFPA,National Professionals,NOB,F,226
UNFPA,National Professionals,NOB,M,199
UNFPA,National Professionals,NOC,F,138
UNFPA,National Professionals,NOC,M,132
UNFPA,National Professionals,NOD,F,46
UNFPA,National Professionals,NOD,M,34
UNHCR,Field Service,FS5,M,2
UNHCR,General Service,G1,F,3
UNHCR,General Service,G1,M,4
UNHCR,General Service,G2,F,33
UNHCR,General Service,G2,M,1 229
UNHCR,General Service,G3,F,17
UNHCR,General Service,G3,M,317
UNHCR,General Service,G4,F,248
UNHCR,General Service,G4,M,443
UNHCR,General Service,G5,F,784
UNHCR,General Service,G5,M,824
UNHCR,General Service,G6,F,1 217
UNHCR,General Service,G6,M,1 485
UNHCR,General Service,G7,F,407
UNHCR,General Service,G7,M,368
UNHCR,International Professionals,ASG,F,2
UNHCR,International Professionals,ASG,M,2
UNHCR,International Professionals,D-1,F,64
UNHCR,International Professionals,D-1,M,91
UNHCR,International Professionals,D-2,F,20
UNHCR,International Professionals,D-2,M,25
UNHCR,International Professionals,P-2,F,314
UNHCR,International Professionals,P-2,M,278
UNHCR,International Professionals,P-3,F,648
UNHCR,International Professionals,P-3,M,758
UNHCR,International Professionals,P-4,F,478
UNHCR,International Professionals,P-4,M,549
UNHCR,International Professionals,P-5,F,185
UNHCR,International Professionals,P-5,M,218
UNHCR,International Professionals,USG,M,1
UNHCR,National Professionals,NOA,F,310
UNHCR,National Professionals,NOA,M,438
UNHCR,National Professionals,NOB,F,143
UNHCR,National Professionals,NOB,M,146
UNHCR,National Professionals,NOC,F,58
UNHCR,National Professionals,NOC,M,31
UNHCR,National Professionals,NOD,F,12
UNHCR,National Professionals,NOD,M,5
UNICC,General Service,G4,F,15
UNICC,General Service,G4,M,5
UNICC,General Service,G5,F,23
UNICC,General Service,G5,M,49
UNICC,General Service,G6,F,12
UNICC,General Service,G6,M,35
UNICC,General Service,G7,F,1
UNICC,General Service,G7,M,2
UNICC,International Professionals,D-1,M,2
UNICC,International Professionals,D-2,M,1
UNICC,International Professionals,P-1,F,1
UNICC,International Professionals,P-2,F,4
UNICC,International Professionals,P-2,M,13
UNICC,International Professionals,P-3,F,20
UNICC,International Professionals,P-3,M,49
UNICC,International Professionals,P-4,F,12
UNICC,International Professionals,P-4,M,31
UNICC,International Professionals,P-5,F,5
UNICC,International Professionals,P-5,M,8
UNICEF,General Service,G1,F,1
UNICEF,General Service,G1,M,5
UNICEF,General Service,G2,F,61
UNICEF,General Service,G2,M,1 122
UNICEF,General Service,G3,F,9
UNICEF,General Service,G3,M,140
UNICEF,General Service,G4,F,80
UNICEF,General Service,G4,M,104
UNICEF,General Service,G5,F,795
UNICEF,General Service,G5,M,370
UNICEF,General Service,G6,F,1 313
UNICEF,General Service,G6,M,732
UNICEF,General Service,G7,F,274
UNICEF,General Service,G7,M,280
UNICEF,General Service,Other,M,1
UNICEF,International Professionals,ASG,F,1
UNICEF,International Professionals,ASG,M,2
UNICEF,International Professionals,D-1,F,57
UNICEF,International Professionals,D-1,M,57
UNICEF,International Professionals,D-2,F,23
UNICEF,International Professionals,D-2,M,25
UNICEF,International Professionals,P-1,F,7
UNICEF,International Professionals,P-1,M,3
UNICEF,International Professionals,P-2,F,237
UNICEF,International Professionals,P-2,M,122
UNICEF,International Professionals,P-3,F,657
UNICEF,International Professionals,P-3,M,661
UNICEF,International Professionals,P-4,F,830
UNICEF,International Professionals,P-4,M,827
UNICEF,International Professionals,P-5,F,369
UNICEF,International Professionals,P-5,M,400
UNICEF,International Professionals,USG,F,1
UNICEF,National Professionals,NOA,F,432
UNICEF,National Professionals,NOA,M,362
UNICEF,National Professionals,NOB,F,1 058
UNICEF,National Professionals,NOB,M,1 255
UNICEF,National Professionals,NOC,F,791
UNICEF,National Professionals,NOC,M,856
UNICEF,National Professionals,NOD,F,49
UNICEF,National Professionals,NOD,M,43
UNICEF,National Professionals,NOE,M,1
UNIDO,General Service,G3,F,2
UNIDO,General Service,G3,M,69
UNIDO,General Service,G4,F,18
UNIDO,General Service,G4,M,39
UNIDO,General Service,G5,F,63
UNIDO,General Service,G5,M,40
UNIDO,General Service,G6,F,69
UNIDO,General Service,G6,M,26
UNIDO,International Professionals,D-1,F,3
UNIDO,International Professionals,D-1,M,19
UNIDO,International Professionals,D-2,F,1
UNIDO,International Professionals,D-2,M,5
UNIDO,International Professionals,P-1,F,1
UNIDO,International Professionals,P-1,M,1
UNIDO,International Professionals,P-2,F,16
UNIDO,International Professionals,P-2,M,14
UNIDO,International Professionals,P-3,F,22
UNIDO,International Professionals,P-3,M,40
UNIDO,International Professionals,P-4,F,36
UNIDO,International Professionals,P-4,M,45
UNIDO,International Professionals,P-5,F,19
UNIDO,International Professionals,P-5,M,49
UNIDO,International Professionals,USG,M,1
UNIDO,National Professionals,NOA,F,2
UNIDO,National Professionals,NOA,M,2
UNIDO,National Professionals,NOB,F,1
UNIDO,National Professionals,NOB,M,2
UNIDO,National Professionals,NOC,F,3
UNIDO,National Professionals,NOC,M,9
UNIDO,National Professionals,NOD,F,11
UNIDO,National Professionals,NOD,M,18
UNITAR,General Service,G3,M,1
UNITAR,General Service,G4,F,1
UNITAR,General Service,G5,F,4
UNITAR,General Service,G5,M,1
UNITAR,General Service,G6,F,1
UNITAR,General Service,G6,M,1
UNITAR,International Professionals,ASG,M,1
UNITAR,International Professionals,D-1,F,2
UNITAR,International Professionals,D-1,M,7
UNITAR,International Professionals,P-1,F,1
UNITAR,International Professionals,P-2,F,3
UNITAR,International Professionals,P-2,M,2
UNITAR,International Professionals,P-3,F,5
UNITAR,International Professionals,P-3,M,9
UNITAR,International Professionals,P-4,F,5
UNITAR,International Professionals,P-4,M,3
UNITAR,International Professionals,P-5,F,1
UNITAR,International Professionals,P-5,M,3
UNJSPF,General Service,G4,F,27
UNJSPF,General Service,G4,M,11
UNJSPF,General Service,G5,F,33
UNJSPF,General Service,G5,M,23
UNJSPF,General Service,G6,F,40
UNJSPF,General Service,G6,M,22
UNJSPF,General Service,G7,F,21
UNJSPF,General Service,G7,M,5
UNJSPF,International Professionals,ASG,F,1
UNJSPF,International Professionals,ASG,M,1
UNJSPF,International Professionals,D-1,F,3
UNJSPF,International Professionals,D-1,M,5
UNJSPF,International Professionals,D-2,M,2
UNJSPF,International Professionals,P-2,F,2
UNJSPF,International Professionals,P-2,M,2
UNJSPF,International Professionals,P-3,F,29
UNJSPF,International Professionals,P-3,M,33
UNJSPF,International Professionals,P-4,F,22
UNJSPF,International Professionals,P-4,M,33
UNJSPF,International Professionals,P-5,F,11
UNJSPF,International Professionals,P-5,M,13
UNOPS,General Service,G2,M,2
UNOPS,General Service,G3,M,2
UNOPS,General Service,G4,F,4
UNOPS,General Service,G4,M,14
UNOPS,General Service,G5,F,28
UNOPS,General Service,G5,M,42
UNOPS,General Service,G6,F,25
UNOPS,General Service,G6,M,39
UNOPS,General Service,G7,F,8
UNOPS,General Service,G7,M,5
UNOPS,International Professionals,ASG,F,1
UNOPS,International Professionals,ASG,M,2
UNOPS,International Professionals,D-1,F,15
UNOPS,International Professionals,D-1,M,15
UNOPS,International Professionals,D-2,F,7
UNOPS,International Professionals,D-2,M,12
UNOPS,International Professionals,P-1,F,4
UNOPS,International Professionals,P-1,M,1
UNOPS,International Professionals,P-2,F,24
UNOPS,International Professionals,P-2,M,29
UNOPS,International Professionals,P-3,F,63
UNOPS,International Professionals,P-3,M,97
UNOPS,International Professionals,P-4,F,53
UNOPS,International Professionals,P-4,M,65
UNOPS,International Professionals,P-5,F,27
UNOPS,International Professionals,P-5,M,47
UNOPS,International Professionals,P-6,F,3
UNOPS,International Professionals,P-6,M,2
UNOPS,International Professionals,USG,F,1
UNOPS,National Professionals,NOA,F,1
UNOPS,National Professionals,NOA,M,2
UNOPS,National Professionals,NOB,F,9
UNOPS,National Professionals,NOB,M,14
UNOPS,National Professionals,NOC,F,4
UNOPS,National Professionals,NOC,M,12
UNOPS,National Professionals,NOD,F,3
UNOPS,National Professionals,NOD,M,1
UNRWA,General Service,G3,M,3
UNRWA,General Service,G4,M,3
UNRWA,General Service,G5,F,1
UNRWA,General Service,G5,M,1
UNRWA,General Service,G6,F,1
UNRWA,International Professionals,ASG,F,1
UNRWA,International Professionals,D-1,F,6
UNRWA,International Professionals,D-1,M,11
UNRWA,International Professionals,D-2,F,1
UNRWA,International Professionals,D-2,M,5
UNRWA,International Professionals,P-2,F,2
UNRWA,International Professionals,P-2,M,1
UNRWA,International Professionals,P-3,F,15
UNRWA,International Professionals,P-3,M,18
UNRWA,International Professionals,P-4,F,39
UNRWA,International Professionals,P-4,M,32
UNRWA,International Professionals,P-5,F,15
UNRWA,International Professionals,P-5,M,16
UNRWA,International Professionals,USG,M,1
UNSSC,General Service,G3,F,2
UNSSC,General Service,G3,M,1
UNSSC,General Service,G4,F,7
UNSSC,General Service,G4,M,1
UNSSC,General Service,G5,F,6
UNSSC,General Service,G5,M,3
UNSSC,International Professionals,D-2,M,1
UNSSC,International Professionals,P-2,F,3
UNSSC,International Professionals,P-3,F,6
UNSSC,International Professionals,P-3,M,3
UNSSC,International Professionals,P-4,F,6
UNSSC,International Professionals,P-4,M,3
UNSSC,International Professionals,P-5,F,1
UNSSC,International Professionals,P-5,M,3
UNU,General Service,G3,M,1
UNU,General Service,G4,F,3
UNU,General Service,G4,M,2
UNU,General Service,G5,F,5
UNU,General Service,G5,M,4
UNU,General Service,G6,F,10
UNU,General Service,G6,M,4
UNU,General Service,G7,F,5
UNU,General Service,G7,M,3
UNU,International Professionals,ASG,F,1
UNU,International Professionals,D-1,F,6
UNU,International Professionals,D-1,M,6
UNU,International Professionals,D-2,F,1
UNU,International Professionals,D-2,M,1
UNU,International Professionals,P-2,F,11
UNU,International Professionals,P-2,M,4
UNU,International Professionals,P-3,F,9
UNU,International Professionals,P-3,M,11
UNU,International Professionals,P-4,F,6
UNU,International Professionals,P-4,M,12
UNU,International Professionals,P-5,F,6
UNU,International Professionals,P-5,M,4
UNU,International Professionals,USG,M,1
UNU,National Professionals,NOA,F,6
UNU,National Professionals,NOA,M,1
UNU,National Professionals,NOB,F,7
UNU,National Professionals,NOB,M,3
UNU,National Professionals,NOC,F,2
UNU,National Professionals,NOD,F,2
UNU,National Professionals,NOD,M,1
UNWTO,General Service,G2,M,1
UNWTO,General Service,G3,F,1
UNWTO,General Service,G3,M,2
UNWTO,General Service,G4,F,4
UNWTO,General Service,G5,F,1
UNWTO,General Service,G5,M,4
UNWTO,General Service,G6,F,11
UNWTO,General Service,G6,M,4
UNWTO,General Service,G7,F,6
UNWTO,General Service,G7,M,2
UNWTO,International Professionals,ASG,M,1
UNWTO,International Professionals,D-1,M,2
UNWTO,International Professionals,D-2,F,1
UNWTO,International Professionals,P-1,F,9
UNWTO,International Professionals,P-1,M,1
UNWTO,International Professionals,P-2,F,1
UNWTO,International Professionals,P-2,M,3
UNWTO,International Professionals,P-3,F,4
UNWTO,International Professionals,P-3,M,5
UNWTO,International Professionals,P-4,F,7
UNWTO,International Professionals,P-4,M,6
UNWTO,International Professionals,P-5,F,5
UNWTO,International Professionals,P-5,M,3
UNWTO,International Professionals,SG,M,1
UPU,General Service,Other,F,59
UPU,General Service,Other,M,27
UPU,International Professionals,ASG,M,1
UPU,International Professionals,D-1,M,4
UPU,International Professionals,D-2,M,4
UPU,International Professionals,P-2,F,3
UPU,International Professionals,P-2,M,6
UPU,International Professionals,P-3,F,9
UPU,International Professionals,P-3,M,29
UPU,International Professionals,P-4,F,4
UPU,International Professionals,P-4,M,14
UPU,International Professionals,P-5,F,3
UPU,International Professionals,P-5,M,12
UPU,International Professionals,USG,M,1
UPU,NA,ADM3,F,1
UPU,NA,ADM4,F,2
UPU,NA,ADM4,M,1
UPU,NA,MGM10,F,1
UPU,NA,MGM10,M,2
UPU,NA,MGM11,M,1
UPU,NA,MGM7,F,1
UPU,NA,MGM7,M,5
UPU,NA,MGM8,F,1
UPU,NA,MGM8,M,8
UPU,NA,MGM9,F,1
UPU,NA,MGM9,M,2
UPU,NA,SPEC4,M,1
UPU,NA,SPEC5,F,2
UPU,NA,SPEC5,M,13
UPU,NA,SPEC6,F,4
UPU,NA,SPEC6,M,8
UPU,NA,SPEC7,F,4
UPU,NA,SPEC7,M,10
WFP,General Service,G1,F,27
WFP,General Service,G1,M,19
WFP,General Service,G1A,F,2
WFP,General Service,G1A,M,5
WFP,General Service,G1B,F,1
WFP,General Service,G2,F,62
WFP,General Service,G2,M,907
WFP,General Service,G3,F,96
WFP,General Service,G3,M,224
WFP,General Service,G4,F,394
WFP,General Service,G4,M,526
WFP,General Service,G5,F,676
WFP,General Service,G5,M,765
WFP,General Service,G6,F,652
WFP,General Service,G6,M,886
WFP,General Service,G7,F,141
WFP,General Service,G7,M,173
WFP,International Professionals,ASG,F,3
WFP,International Professionals,ASG,M,2
WFP,International Professionals,D-1,F,62
WFP,International Professionals,D-1,M,62
WFP,International Professionals,D-2,F,16
WFP,International Professionals,D-2,M,40
WFP,International Professionals,P-1,F,1
WFP,International Professionals,P-2,F,80
WFP,International Professionals,P-2,M,47
WFP,International Professionals,P-3,F,286
WFP,International Professionals,P-3,M,298
WFP,International Professionals,P-4,F,287
WFP,International Professionals,P-4,M,348
WFP,International Professionals,P-5,F,146
WFP,International Professionals,P-5,M,207
WFP,International Professionals,USG,M,1
WFP,National Professionals,NOA,F,289
WFP,National Professionals,NOA,M,470
WFP,National Professionals,NOB,F,268
WFP,National Professionals,NOB,M,385
WFP,National Professionals,NOC,F,70
WFP,National Professionals,NOC,M,100
WFP,National Professionals,NOD,F,7
WFP,National Professionals,NOD,M,6
WHO,General Service,G1,F,9
WHO,General Service,G1,M,30
WHO,General Service,G1A,F,1
WHO,General Service,G1A,M,1
WHO,General Service,G2,F,7
WHO,General Service,G2,M,543
WHO,General Service,G3,F,41
WHO,General Service,G3,M,230
WHO,General Service,G4,F,331
WHO,General Service,G4,M,175
WHO,General Service,G5,F,994
WHO,General Service,G5,M,357
WHO,General Service,G6,F,547
WHO,General Service,G6,M,258
WHO,General Service,G7,F,127
WHO,General Service,G7,M,124
WHO,International Professionals,D-1,F,77
WHO,International Professionals,D-1,M,135
WHO,International Professionals,D-2,F,23
WHO,International Professionals,D-2,M,42
WHO,International Professionals,P-1,F,19
WHO,International Professionals,P-1,M,4
WHO,International Professionals,P-2,F,176
WHO,International Professionals,P-2,M,112
WHO,International Professionals,P-3,F,506
WHO,International Professionals,P-3,M,405
WHO,International Professionals,P-4,F,593
WHO,International Professionals,P-4,M,724
WHO,International Professionals,P-5,F,371
WHO,International Professionals,P-5,M,429
WHO,International Professionals,USG,F,12
WHO,International Professionals,USG,M,12
WHO,National Professionals,NOA,F,75
WHO,National Professionals,NOA,M,99
WHO,National Professionals,NOB,F,236
WHO,National Professionals,NOB,M,329
WHO,National Professionals,NOC,F,232
WHO,National Professionals,NOC,M,409
WHO,National Professionals,NOD,F,13
WHO,National Professionals,NOD,M,15
WIPO,General Service,G3,F,4
WIPO,General Service,G3,M,1
WIPO,General Service,G4,F,22
WIPO,General Service,G4,M,16
WIPO,General Service,G5,F,105
WIPO,General Service,G5,M,74
WIPO,General Service,G6,F,153
WIPO,General Service,G6,M,79
WIPO,General Service,G7,F,26
WIPO,General Service,G7,M,5
WIPO,International Professionals,ASG,M,4
WIPO,International Professionals,D-1,F,23
WIPO,International Professionals,D-1,M,38
WIPO,International Professionals,D-2,F,1
WIPO,International Professionals,D-2,M,10
WIPO,International Professionals,DSG,F,3
WIPO,International Professionals,DSG,M,1
WIPO,International Professionals,P-1,F,5
WIPO,International Professionals,P-1,M,2
WIPO,International Professionals,P-2,F,56
WIPO,International Professionals,P-2,M,23
WIPO,International Professionals,P-3,F,101
WIPO,International Professionals,P-3,M,95
WIPO,International Professionals,P-4,F,99
WIPO,International Professionals,P-4,M,110
WIPO,International Professionals,P-5,F,33
WIPO,International Professionals,P-5,M,74
WIPO,International Professionals,SG,M,1
WIPO,National Professionals,NOA,F,1
WIPO,National Professionals,NOB,F,1
WIPO,National Professionals,NOD,F,2
WIPO,National Professionals,NOD,M,1
WIPO,National Professionals,NOE,M,1
WMO,General Service,G1,F,1
WMO,General Service,G2,M,4
WMO,General Service,G3,F,1
WMO,General Service,G3,M,1
WMO,General Service,G4,F,3
WMO,General Service,G5,F,40
WMO,General Service,G5,M,6
WMO,General Service,G6,F,12
WMO,General Service,G6,M,7
WMO,General Service,G7,F,2
WMO,International Professionals,D-1,F,1
WMO,International Professionals,D-1,M,12
WMO,International Professionals,D-2,F,3
WMO,International Professionals,D-2,M,6
WMO,International Professionals,P-1,F,3
WMO,International Professionals,P-1,M,3
WMO,International Professionals,P-2,F,19
WMO,International Professionals,P-2,M,11
WMO,International Professionals,P-3,F,34
WMO,International Professionals,P-3,M,24
WMO,International Professionals,P-4,F,34
WMO,International Professionals,P-4,M,50
WMO,International Professionals,P-5,F,12
WMO,International Professionals,P-5,M,27
WMO,International Professionals,UG,F,1
WMO,International Professionals,UG,M,2
WMO,National Professionals,NOC,M,3